Country;Industry;Industry_name;Year;LP1_G;LP1ConIntang;LP1ConTFP;LP1ConTangICT;I_Intang;I_OrgCap;I_Soft_DB
Denmark;C;Manufacturing;1996;-1.71631836891174;1.03060102462769;-3.98731350898743;0.255564004182816;23280.0928116648;2982.86839193097;1912.018
Denmark;C;Manufacturing;1997;8.07025241851807;0.619492769241333;6.51264762878418;0.14299076795578;24115.7184662661;3105.55177275014;1748.201
Denmark;C;Manufacturing;1998;2.24257230758667;0.898193299770355;-0.298644512891769;-0.10243534296751;26860.7847072195;3219.75479742653;2209.083
Denmark;C;Manufacturing;1999;0.781893014907837;0.700984835624695;0.269384175539017;0.00474001513794065;27931.9393217077;3346.47469562361;2520.624
Denmark;C;Manufacturing;2000;3.34919023513794;0.940000712871552;1.97463226318359;-0.00986798666417599;30932.9253131785;3480.23659021627;2318.97
Denmark;C;Manufacturing;2001;1.02649676799774;0.995126247406006;-0.253766417503357;-0.0628499686717987;33811.0026471813;3737.81410291163;2017.862
Denmark;C;Manufacturing;2002;1.1701146364212;1.75607943534851;-2.0248851776123;0.0953237861394882;29209.6451032228;3718.16537200642;2684.205
Denmark;C;Manufacturing;2003;4.0059552192688;2.31346702575684;0.0159715637564659;0.0177852474153042;33245.5934193455;3614.74890592105;2898.698
Denmark;C;Manufacturing;2004;5.39176464080811;1.16212952136993;3.05263638496399;0.112735420465469;32227.0252150717;3723.90723282581;2926.996
Denmark;C;Manufacturing;2005;1.69489121437073;1.63014590740204;-0.462790995836258;-0.00962299481034279;37199.0968847932;3917.75121687128;3215.758
Denmark;C;Manufacturing;2006;6.24881839752197;1.00616061687469;4.55278158187866;0.00461631454527378;36108.3092944924;4138.71310148988;3258.935
Denmark;C;Manufacturing;2007;0.795017719268799;0.610905945301056;-0.0983502715826035;-0.087987594306469;38064.9023693464;4408.36109294656;3812.331
Denmark;C;Manufacturing;2008;0.243938133120537;0.973579823970795;0.659663438796997;-0.123006336390972;44148.0876385104;4408.81020417933;4411.793
Denmark;C;Manufacturing;2009;0.688783824443817;3.3229079246521;-6.00911140441895;0.0483831614255905;46381.7484973287;3968.82891088814;3818.702
Denmark;C;Manufacturing;2010;8.9072732925415;1.69260668754578;6.46979427337646;0.0448760613799095;42053.8086231003;3910.53136298592;4170.594
Denmark;C;Manufacturing;2011;3.49658346176147;0.0217428244650364;3.73617553710938;0.362845629453659;44184.3561182248;3948.73647160968;4262.152
Denmark;C;Manufacturing;2012;4.43043327331543;1.44403278827667;2.54405736923218;0.0506539717316628;48263.6079136971;3906.90797385093;5083.101
Denmark;C;Manufacturing;2013;7.05013704299927;1.23337554931641;5.41574668884277;0.0680288299918175;47298.7920258497;3909.55048553318;5121.355
Denmark;C;Manufacturing;2014;1.57068109512329;1.22165620326996;0.593096971511841;0.0507966913282871;49870.7705511605;3956.73627686923;5496.096
Denmark;C;Manufacturing;2015;0.4803546667099;1.37498497962952;-0.528060495853424;-0.0201702527701855;55566.4366170982;4484.33654156929;6501.166
Denmark;C;Manufacturing;2016;2.51977348327637;2.00846433639526;0.847334980964661;-0.0626498088240623;68355.1611312782;4919.71534819322;7592.935
Denmark;C;Manufacturing;2017;7.46597957611084;1.45556354522705;6.24605464935303;-0.0272252894937992;65345.2822331077;5473.75607176541;7488.998
Denmark;C;Manufacturing;2018;4.56322336196899;2.39350080490112;1.56724619865417;-0.0139871696010232;66996.28315512;6094.36767980848;7016.476
Denmark;C;Manufacturing;2019;5.57381677627563;1.2215164899826;4.08582735061646;-0.0321487598121166;67151.1886604068;6805.62870665607;6764.01
Denmark;J;Information and communication;1996;8.26894664764404;1.58194172382355;5.9716067314148;-0.293790936470032;7406.03200354075;834.058912985913;2024.423
Denmark;J;Information and communication;1997;10.500262260437;1.9149489402771;8.55562877655029;0.327871680259705;8967.67455868276;954.97122328659;2869.559
Denmark;J;Information and communication;1998;-0.944820761680603;0.420708268880844;0.882460355758667;0.365526378154755;9782.6412924413;1118.31928396656;2942.134
Denmark;J;Information and communication;1999;0.970485091209412;0.34327244758606;3.80648589134216;0.00136194319929928;11232.4562748663;1304.00387643723;3544.635
Denmark;J;Information and communication;2000;2.57725048065186;0.452686369419098;3.76975274085999;-0.0998135656118393;12342.1573636872;1537.49714470794;3574.808
Denmark;J;Information and communication;2001;3.14980363845825;0.692202925682068;0.175639107823372;0.802735805511475;12781.8598105491;1702.44584095667;3016.818
Denmark;J;Information and communication;2002;7.84779930114746;1.51504993438721;5.7322187423706;0.272931635379791;14254.1538626706;1841.9088663364;3806.566
Denmark;J;Information and communication;2003;13.0713329315186;2.96748089790344;6.84336948394775;0.67398476600647;14522.6775527036;1689.81352912651;4578.45
Denmark;J;Information and communication;2004;6.83468437194824;2.65384936332703;1.21316039562225;0.387518912553787;16725.1364114937;1860.64064023207;5430.192
Denmark;J;Information and communication;2005;6.32136821746826;2.61144685745239;0.782096207141876;0.115400165319443;17634.0195053293;1998.13961505447;5977.552
Denmark;J;Information and communication;2006;1.00228524208069;0.383493304252625;0.0348718799650669;-0.0503168143332005;18431.9595902884;2186.71389621207;6527.137
Denmark;J;Information and communication;2007;8.8560791015625;1.07153856754303;6.50769233703613;-0.298461318016052;19755.6046599832;2440.02391180452;6796.188
Denmark;J;Information and communication;2008;8.98196029663086;1.05832362174988;4.89804220199585;-0.457469642162323;22396.0129584415;2657.56555528816;7554.772
Denmark;J;Information and communication;2009;1.95603144168854;0.965082108974457;2.49671316146851;-0.491087049245834;21836.4486719503;2617.26862377397;7671.887
Denmark;J;Information and communication;2010;3.44174194335938;1.10948407649994;2.34937453269958;-0.257034927606583;23046.4176804257;2679.75301064264;9270.016
Denmark;J;Information and communication;2011;4.54150152206421;1.21771013736725;2.30024766921997;0.162357658147812;22602.232845246;2592.07043943862;9285.3
Denmark;J;Information and communication;2012;2.69514441490173;-0.41700890660286;2.61772155761719;-0.0822755768895149;19924.4380520896;2561.00267568807;6427.76
Denmark;J;Information and communication;2013;7.75261449813843;-0.43248051404953;7.96483898162842;-0.0119703523814678;19999.6892549442;2487.52866424417;6975.354
Denmark;J;Information and communication;2014;1.98745405673981;0.543695092201233;1.38753426074982;-0.13556843996048;21084.2994345121;2556.93119221934;7952.054
Denmark;J;Information and communication;2015;7.7242956161499;0.398026883602142;9.07175064086914;-0.0958263128995895;22860.0888176255;2850.04901918833;8033.193
Denmark;J;Information and communication;2016;5.83823156356812;0.0775492191314697;5.7012448310852;0.0748161897063255;23343.3775470037;2997.70351314022;8123.905
Denmark;J;Information and communication;2017;1.6637921333313;0.86837911605835;0.115855321288109;0.383388847112656;24693.8994382166;3200.85526575495;8923.678
Denmark;J;Information and communication;2018;2.05406522750854;1.62700986862183;-1.76307785511017;0.406432330608368;27266.1603160655;3533.53834407745;10286.917
Denmark;J;Information and communication;2019;4.73309230804443;0.877651572227478;2.98566126823425;1.02344119548798;28523.9557479385;4113.14660259368;10497.937
Denmark;M;Professional, scientific and technical activities;1996;-3.06853318214417;-0.329552382230759;-1.67580986022949;-0.959938287734985;8934.11904800051;1067.89553387083;962.486
Denmark;M;Professional, scientific and technical activities;1997;6.1087064743042;0.327890843153;4.37555408477783;-0.371990323066711;10391.3234044686;1099.26154334951;1415.339
Denmark;M;Professional, scientific and technical activities;1998;-8.3164701461792;-0.0552871972322464;-8.91197109222412;-0.125557944178581;11136.1157351346;1217.271264473;1822.012
Denmark;M;Professional, scientific and technical activities;1999;-1.79623293876648;0.213300809264183;-4.14103841781616;-0.237818837165833;12450.4279991818;1389.71021204815;2051.55
Denmark;M;Professional, scientific and technical activities;2000;-1.70732474327087;-0.365994721651077;-2.33049774169922;-0.209597080945969;12793.4460003987;1507.61980293016;1976.278
Denmark;M;Professional, scientific and technical activities;2001;-0.26099568605423;0.0683689564466476;-2.09326958656311;-0.10970276594162;14337.6943371923;1748.470081938;1727.922
Denmark;M;Professional, scientific and technical activities;2002;-7.0198073387146;0.606682658195496;-8.8300371170044;-0.196326807141304;15247.3819576692;1830.2043354139;1898.062
Denmark;M;Professional, scientific and technical activities;2003;-4.20498275756836;0.278118699789047;-2.27814316749573;-0.485321640968323;15403.2079971176;1806.63853913007;1530.558
Denmark;M;Professional, scientific and technical activities;2004;4.43751239776611;0.805539429187775;2.778813123703;-0.329242199659348;15863.393106946;2016.71437502513;1686.896
Denmark;M;Professional, scientific and technical activities;2005;5.38049364089966;0.303001314401627;6.06826210021973;-0.383040755987167;17734.4710547356;2284.27949104565;1628.637
Denmark;M;Professional, scientific and technical activities;2006;-0.588671863079071;-0.0431197136640549;-3.17463135719299;-0.176522344350815;18129.8622985999;2668.73970669604;1596.267
Denmark;M;Professional, scientific and technical activities;2007;-7.22394418716431;0.433324694633484;-9.22393035888672;-0.0765198171138763;20139.4955198472;3258.97559061363;1892.812
Denmark;M;Professional, scientific and technical activities;2008;2.92183423042297;0.756207644939423;-2.77417469024658;-0.118402063846588;24575.014344822;3924.30362640966;2553.456
Denmark;M;Professional, scientific and technical activities;2009;-4.34469366073608;0.59224271774292;-4.9451961517334;-0.246473640203476;22482.6390770584;3489.69575150699;2834.276
Denmark;M;Professional, scientific and technical activities;2010;-0.948443055152893;0.618844330310822;-2.72529172897339;-0.141317799687386;24724.3421342196;3258.43556052968;3148.853
Denmark;M;Professional, scientific and technical activities;2011;-2.30646347999573;-0.150511592626572;-2.19738602638245;-0.0154171884059906;22339.116082586;3187.91782995602;2961.995
Denmark;M;Professional, scientific and technical activities;2012;-2.8474555015564;-0.324291437864304;-2.21767711639404;0.163347736001015;20434.0016072868;3336.95471794722;3324.16
Denmark;M;Professional, scientific and technical activities;2013;2.65913200378418;-0.622148513793945;1.33289301395416;0.0486437603831291;21849.5071290023;3472.24692553368;3363.517
Denmark;M;Professional, scientific and technical activities;2014;0.609778106212616;0.215530142188072;-0.36223641037941;0.0624069720506668;22147.452396898;3460.25931971527;3326.606
Denmark;M;Professional, scientific and technical activities;2015;2.94454193115234;0.0849770754575729;2.95959854125977;-0.113250330090523;23942.2047201962;3854.95833379988;3720.094
Denmark;M;Professional, scientific and technical activities;2016;7.58807373046875;-0.391910225152969;8.52279949188232;0.0103672193363309;25490.1261545805;4083.27147218468;4090.038
Denmark;M;Professional, scientific and technical activities;2017;1.47316575050354;0.555943727493286;0.405028373003006;0.0786719098687172;27283.6739214784;4563.39835043885;4598.857
Denmark;M;Professional, scientific and technical activities;2018;2.20882678031921;1.32938230037689;0.430649876594543;-0.0496881678700447;31196.5493814275;4815.18759390039;6631.119
Denmark;M;Professional, scientific and technical activities;2019;3.20095562934875;2.8356351852417;0.35313418507576;-0.0158159825950861;37257.0243917715;4999.39306316057;9362.885
Denmark;TOT_IND;Total industries (A-S);1996;2.09887051582336;0.428159296512604;1.24455547332764;-0.0762449949979782;95432.458995068;14886.8455260957;9987.005
Denmark;TOT_IND;Total industries (A-S);1997;0.649131059646606;0.273372143507004;0.0785550624132156;-0.0414263978600502;104127.800889329;15687.8476556507;12422.999
Denmark;TOT_IND;Total industries (A-S);1998;-0.224941045045853;0.299197643995285;-0.871776223182678;-0.0778325572609901;111606.778077231;16635.1856336644;14593.998
Denmark;TOT_IND;Total industries (A-S);1999;1.50113832950592;0.417356669902802;1.0022965669632;-0.0390876457095146;121287.553470278;17921.7965317425;17224.999
Denmark;TOT_IND;Total industries (A-S);2000;3.09993815422058;0.363178670406342;2.16614985466003;-0.0210723504424095;127825.631739218;18844.6737978319;16664.001
Denmark;TOT_IND;Total industries (A-S);2001;0.0389011576771736;0.331836670637131;-1.02057123184204;0.00908329430967569;138027.22480683;20196.8638149308;15948.999
Denmark;TOT_IND;Total industries (A-S);2002;0.821800172328949;0.449295073747635;-0.635013103485107;0.0600418709218502;139074.109677389;20691.0840260501;19529.0
Denmark;TOT_IND;Total industries (A-S);2003;1.67507719993591;0.385688751935959;0.212224826216698;0.0136082312092185;143041.496871078;20536.5511330196;19907.997
Denmark;TOT_IND;Total industries (A-S);2004;2.61133337020874;0.330763459205627;1.58251893520355;0.0830614194273949;148652.93632889;21899.1688712961;21356.998
Denmark;TOT_IND;Total industries (A-S);2005;1.19148552417755;0.440238744020462;0.720186412334442;0.0151053816080093;164352.488347502;23517.4043900768;21924.999
Denmark;TOT_IND;Total industries (A-S);2006;1.28545522689819;0.228167578577995;1.02143049240112;0.0998639464378357;171865.06054354;25790.1772800549;24087.997
Denmark;TOT_IND;Total industries (A-S);2007;0.172439396381378;0.392920196056366;-1.73060035705566;-0.0317159965634346;184524.083424398;27978.3090560509;26135.0
Denmark;TOT_IND;Total industries (A-S);2008;-0.828260362148285;0.409318774938583;-2.76822566986084;-0.123372450470924;209186.748932218;30125.0276583023;29806.002
Denmark;TOT_IND;Total industries (A-S);2009;-0.919705986976624;0.689319610595703;-2.99998307228088;-0.07534109801054;205899.802990316;29481.7591911787;28699.996
Denmark;TOT_IND;Total industries (A-S);2010;3.17639493942261;0.455136656761169;1.93869769573212;-0.0413669422268867;205873.717546289;30005.0879915324;32608.001
Denmark;TOT_IND;Total industries (A-S);2011;0.673664152622223;0.103999055922031;0.609937191009521;0.00345139927230775;207452.288862712;29894.747871482;32716.998
Denmark;TOT_IND;Total industries (A-S);2012;1.54547035694122;0.388165026903152;0.376931101083755;0.0563140101730824;210365.919060392;30199.8968821071;30814.0
Denmark;TOT_IND;Total industries (A-S);2013;1.33727288246155;0.203374430537224;0.731707334518433;0.00855357758700848;214614.153123442;30521.096210043;32154.999
Denmark;TOT_IND;Total industries (A-S);2014;1.43034648895264;0.390263885259628;0.623173892498016;-0.0123734949156642;224385.45202497;30962.8448371214;34410.999
Denmark;TOT_IND;Total industries (A-S);2015;1.36988437175751;0.390531092882156;0.868512034416199;0.00092939572641626;237424.916280837;34048.3680967569;36624.001
Denmark;TOT_IND;Total industries (A-S);2016;1.05064368247986;0.425665736198425;0.630519509315491;-0.00710981478914618;259656.043090205;37247.3560149284;39726.997
Denmark;TOT_IND;Total industries (A-S);2017;2.2573025226593;0.493940442800522;1.35079729557037;0.000982638448476791;265669.64691019;40822.150266776;42987.998
Denmark;TOT_IND;Total industries (A-S);2018;1.77495539188385;0.729211628437042;0.472514063119888;-0.00469995848834515;283305.813209312;44598.4840258526;48833.001
Denmark;TOT_IND;Total industries (A-S);2019;1.24366879463196;0.607672870159149;0.388092279434204;0.0128618283197284;298156.304858446;50420.2576443247;51726.998
Italy;C;Manufacturing;1996;0.55208033323288;0.52242249250412;-0.845925509929657;0.00910760369151831;22933.1175844855;3738.15409192652;3059.4
Italy;C;Manufacturing;1997;1.48208272457123;0.432212591171265;0.283123821020126;0.0630002692341805;23906.2623051238;3992.39248679949;3066.7
Italy;C;Manufacturing;1998;-0.982916176319122;0.0661886557936668;-1.45434677600861;0.0292158480733633;24831.0650742068;4066.18152983067;3471.6
Italy;C;Manufacturing;1999;1.00235271453857;0.561504602432251;-1.1784530878067;0.0485540591180325;25666.5708750724;4204.54000301216;3672.5
Italy;C;Manufacturing;2000;3.62840414047241;0.550792574882507;1.39849328994751;0.0860569849610329;26939.7285085127;4446.03902514553;3739.9
Italy;C;Manufacturing;2001;0.683407366275787;0.645946025848389;-1.58668053150177;0.0933627262711525;28468.2795466709;4638.77266734285;4256.4
Italy;C;Manufacturing;2002;-0.372797846794128;0.337620615959167;-2.15104603767395;0.0225011315196753;29052.4890527162;4698.41979200071;4211.7
Italy;C;Manufacturing;2003;-1.80878436565399;0.300978720188141;-3.37271690368652;-0.0165607817471027;29585.151177756;4912.50463006506;3928.6
Italy;C;Manufacturing;2004;2.08005499839783;0.190381854772568;0.497595071792603;0.0458147749304771;30183.5803035213;5057.02298909677;3782.9
Italy;C;Manufacturing;2005;1.80717933177948;0.257389843463898;-0.35100468993187;0.0364277176558971;31011.0592345955;5164.79842831285;3762.5
Italy;C;Manufacturing;2006;3.17150568962097;-0.0618029609322548;2.25961542129517;0.0273436661809683;31845.998707315;5300.26301289139;3886.0
Italy;C;Manufacturing;2007;1.78663206100464;0.0906241163611412;0.897357821464539;0.0196082536131144;33596.4053764994;5630.57571976762;4157.7
Italy;C;Manufacturing;2008;-1.50002562999725;0.420018285512924;-3.31577277183533;0.0300135631114244;34670.3713116182;5750.29535461109;4214.5
Italy;C;Manufacturing;2009;-8.76694583892822;1.15227246284485;-13.4786558151245;0.0613110363483429;31167.4650931385;4728.74145480722;3790.1
Italy;C;Manufacturing;2010;10.8769598007202;0.0230166427791119;9.49384212493896;-0.000413663889048621;31736.2426046965;4489.11774463971;4004.8
Italy;C;Manufacturing;2011;1.80734729766846;-0.0744697377085686;1.39865219593048;0.00414327206090093;32800.8907659543;4668.8072208142;3894.3
Italy;C;Manufacturing;2012;1.1364631652832;0.801669180393219;-0.784844994544983;0.0352478623390198;33662.1937252913;5211.51100411761;4165.3
Italy;C;Manufacturing;2013;2.12815523147583;0.612878680229187;0.298887103796005;0.00374476914294064;34173.3501657485;5421.6601497711;4686.1
Italy;C;Manufacturing;2014;1.23320627212524;0.494011759757996;-0.199867248535156;-0.00365058775059879;35441.1700155052;5836.51124051468;5078.5
Italy;C;Manufacturing;2015;2.09365224838257;0.123605713248253;1.4818332195282;0.0144003266468644;36527.6647241879;6274.56522904559;4604.1
Italy;C;Manufacturing;2016;0.576975405216217;0.295591056346893;0.249975010752678;-0.00444323988631368;39306.5011807424;6428.02837268537;4906.7
Italy;C;Manufacturing;2017;2.02136588096619;0.173622518777847;1.56826269626617;0.0328214801847935;39764.1861099629;6668.48337031293;4980.7
Italy;C;Manufacturing;2018;-0.0918099656701088;0.460382282733917;-0.698389410972595;0.00735790655016899;41961.6203342324;6923.85990226346;5824.5
Italy;C;Manufacturing;2019;1.01890051364899;0.909852266311646;-0.661922454833984;0.0127676157280803;42778.9018247294;6613.92157651119;6146.9
Italy;J;Information and communication;1996;6.71484375;1.07092928886414;4.64571666717529;0.774172186851501;7944.60838242754;720.505816776207;3577.9
Italy;J;Information and communication;1997;1.09941327571869;1.19539952278137;-1.80638635158539;1.40208053588867;8379.59930983489;784.673525539933;3611.8
Italy;J;Information and communication;1998;0.763146579265594;0.241921812295914;0.61987316608429;0.0590561144053936;8892.04996151474;845.54485983345;3741.5
Italy;J;Information and communication;1999;4.86092138290405;0.0914117768406868;4.94197750091553;0.109071888029575;9807.14173767921;959.005579980055;4179.0
Italy;J;Information and communication;2000;2.65318965911865;0.466903209686279;1.28907561302185;0.994527459144592;10554.4902379307;1037.86286808465;4518.0
Italy;J;Information and communication;2001;7.48717212677002;0.123331487178802;7.97100734710693;-0.583211660385132;11134.2079005742;1158.8025581969;4728.8
Italy;J;Information and communication;2002;4.4031834602356;0.33222970366478;3.50186038017273;0.527082324028015;11562.7687015427;1218.40680086534;4861.7
Italy;J;Information and communication;2003;0.63375848531723;1.92282557487488;-2.30831623077393;0.343848019838333;12295.4785492687;1250.15918980169;5403.5
Italy;J;Information and communication;2004;3.07468438148499;0.767047822475433;0.769620895385742;0.856870532035828;11513.4843020141;1272.2674469522;4395.0
Italy;J;Information and communication;2005;1.44736659526825;0.374896556138992;-0.693309426307678;0.988177955150604;11967.313853686;1297.80085987449;4694.2
Italy;J;Information and communication;2006;-1.17466306686401;-0.450284123420715;-0.652904868125916;-0.46358323097229;12070.2872653907;1317.96670527407;4632.5
Italy;J;Information and communication;2007;4.9786057472229;1.13981640338898;2.19307589530945;0.369417130947113;13054.6519316966;1364.95361387258;5222.3
Italy;J;Information and communication;2008;3.38316512107849;0.635043382644653;2.33721327781677;0.105510130524635;12943.3312866229;1386.11901458565;4971.9
Italy;J;Information and communication;2009;-0.194449618458748;-0.0269346758723259;0.740632891654968;-0.219862461090088;12659.9887833909;1574.02590544204;4417.3
Italy;J;Information and communication;2010;3.29890847206116;1.00097322463989;1.20560944080353;0.445512503385544;13044.5529333773;1647.63880395776;4839.5
Italy;J;Information and communication;2011;1.05458295345306;0.554084479808807;-0.866105437278748;0.494259536266327;12871.2420063255;1657.14247232573;4703.5
Italy;J;Information and communication;2012;-3.97123169898987;1.15459871292114;-6.35248422622681;0.60869824886322;13555.5518035805;1356.4036137707;5946.1
Italy;J;Information and communication;2013;-0.103036776185036;1.08009839057922;-3.35672616958618;0.499185353517532;13908.5890563636;1467.16558164555;6151.9
Italy;J;Information and communication;2014;2.15536069869995;1.44501268863678;-1.09682250022888;0.561620056629181;13895.1690018492;1603.03884983824;6487.5
Italy;J;Information and communication;2015;-1.36835384368896;0.668393015861511;-2.76151609420776;0.225924655795097;15469.3109919812;1785.6668957192;7933.0
Italy;J;Information and communication;2016;1.74219381809235;0.349810689687729;1.74067294597626;-0.129976853728294;15517.9707769524;1797.92161409799;7786.3
Italy;J;Information and communication;2017;-1.05208659172058;-0.24864287674427;-1.50562930107117;0.26561975479126;14671.6860062199;1681.3598640171;7122.7
Italy;J;Information and communication;2018;-2.26074385643005;-0.260351538658142;-3.77405619621277;0.24712610244751;14149.2482710148;1591.28568580047;6253.4
Italy;J;Information and communication;2019;1.73544228076935;-0.141399055719376;1.33125722408295;-0.0113650364801288;14058.2746358945;1634.9323305429;5791.6
Italy;M;Professional, scientific and technical activities;1996;-4.52537727355957;-0.503714561462402;-2.96314167976379;-0.0970896631479263;8631.67437463364;889.069475868502;1191.7
Italy;M;Professional, scientific and technical activities;1997;-1.27244961261749;-0.879673779010773;0.461483597755432;-0.00364061701111495;9106.2302977635;966.131385130434;1193.5
Italy;M;Professional, scientific and technical activities;1998;-7.10216760635376;-0.721248865127563;-5.7523922920227;0.0537509098649025;9537.10323193438;988.291087459166;1264.8
Italy;M;Professional, scientific and technical activities;1999;-1.27018690109253;-0.248124822974205;-0.612546920776367;0.0210226681083441;10167.7438685057;1055.55176582458;1435.1
Italy;M;Professional, scientific and technical activities;2000;1.75381374359131;-0.557875275611877;2.54963541030884;0.0971257463097572;11185.0299082826;1152.04629433688;1577.9
Italy;M;Professional, scientific and technical activities;2001;1.68292248249054;1.56214594841003;0.122551761567593;0.152317523956299;12228.726492387;1337.73565400473;1618.6
Italy;M;Professional, scientific and technical activities;2002;-0.677165746688843;0.373280763626099;-1.09954917430878;0.000195408036233857;12847.5147068522;1361.25439462438;1630.3
Italy;M;Professional, scientific and technical activities;2003;-0.124980881810188;-0.0312086697667837;-0.261284559965134;-0.0201836880296469;12833.6594239734;1434.35672263493;1501.8
Italy;M;Professional, scientific and technical activities;2004;-6.04186105728149;-0.373314619064331;-5.92671060562134;-0.0419676229357719;13262.1770773446;1504.09526556632;1575.4
Italy;M;Professional, scientific and technical activities;2005;-5.42668724060059;0.103626891970634;-5.59286117553711;0.0118573699146509;13937.0814608681;1554.34562261315;1538.3
Italy;M;Professional, scientific and technical activities;2006;0.0295523554086685;0.0571914650499821;-0.953819155693054;0.054842047393322;14521.0779873972;1569.30023948991;1660.2
Italy;M;Professional, scientific and technical activities;2007;-2.34022068977356;-0.199118122458458;-3.46512055397034;-0.0182459577918053;15178.280505895;1639.65075390667;1705.5
Italy;M;Professional, scientific and technical activities;2008;-2.87154960632324;-0.0457906238734722;-2.53567242622375;-0.0534424632787704;15427.1551349441;1685.16370788498;1723.7
Italy;M;Professional, scientific and technical activities;2009;-2.22534823417664;0.918095290660858;-3.3289361000061;-0.0241967085748911;15538.6575203464;2048.55232736156;1516.4
Italy;M;Professional, scientific and technical activities;2010;-1.41754424571991;-0.129675552248955;-1.91816163063049;-0.0265664272010326;15724.5767968365;2245.733111816;1647.4
Italy;M;Professional, scientific and technical activities;2011;-4.35469055175781;-0.185239642858505;-4.76108741760254;-0.00879919528961182;15659.6475140464;2241.89489482591;1585.9
Italy;M;Professional, scientific and technical activities;2012;-2.20946645736694;0.305366635322571;-3.47198176383972;-0.00514803268015385;16298.4094416951;2594.29603145487;1733.1
Italy;M;Professional, scientific and technical activities;2013;0.147858828306198;0.440564006567001;-1.56217014789581;0.044422809034586;15940.272203459;2563.37109160501;1431.7
Italy;M;Professional, scientific and technical activities;2014;-1.13167488574982;0.100354999303818;-2.25883769989014;-0.00251612532883883;16563.6442872665;2894.6654363923;1879.2
Italy;M;Professional, scientific and technical activities;2015;-1.72155725955963;-0.238859698176384;-2.43753576278687;0.0378755703568459;16705.4108905635;2975.69179021697;1876.5
Italy;M;Professional, scientific and technical activities;2016;2.16161155700684;0.0335565656423569;1.93161141872406;0.0756138861179352;16973.6650816261;3059.75753136907;1898.0
Italy;M;Professional, scientific and technical activities;2017;3.0084855556488;0.487787455320358;2.38356280326843;0.0149326752871275;17853.447230665;3225.80471267549;2357.4
Italy;M;Professional, scientific and technical activities;2018;1.7843736410141;0.214547172188759;0.977573990821838;-0.0651314631104469;18475.5167838586;3379.51182876464;2257.7
Italy;M;Professional, scientific and technical activities;2019;-1.33180022239685;0.707097172737122;-1.70540177822113;-0.0184131618589163;19676.8448854787;3638.73461061894;2108.6
Italy;TOT_IND;Total industries (A-S);1996;0.746064007282257;0.319005787372589;-0.307183921337128;0.0465585775673389;75701.2652047731;12848.3001591357;13926.2
Italy;TOT_IND;Total industries (A-S);1997;1.6907000541687;0.343979209661484;0.504026114940643;0.0819669887423515;79743.9641035149;13787.5448104081;14356.7
Italy;TOT_IND;Total industries (A-S);1998;-0.255439817905426;0.146724119782448;-0.986806929111481;0.0589689575135708;82552.6632374971;14051.2302638605;15518.4
Italy;TOT_IND;Total industries (A-S);1999;0.60915994644165;0.257566839456558;-0.940794289112091;0.055583018809557;87017.777590345;14867.6172292647;16701.1
Italy;TOT_IND;Total industries (A-S);2000;3.18250370025635;0.318983674049377;1.66610050201416;0.106070168316364;92570.2461440544;15950.0622030004;17549.3
Italy;TOT_IND;Total industries (A-S);2001;0.579706013202667;0.28645071387291;-0.0787096247076988;0.049421913921833;98189.9742658875;17035.7157619948;18902.8
Italy;TOT_IND;Total industries (A-S);2002;-0.273083716630936;0.272646307945251;-1.4756817817688;0.04793556407094;102333.78096646;17539.7931522517;19853.3
Italy;TOT_IND;Total industries (A-S);2003;-0.202533811330795;0.224375516176224;-1.37376570701599;0.0203893836587667;104650.829500507;18611.2740313309;19091.1
Italy;TOT_IND;Total industries (A-S);2004;0.829034090042114;0.063040979206562;0.039856806397438;0.0502811446785927;106512.498196379;19196.5742039387;18144.6
Italy;TOT_IND;Total industries (A-S);2005;0.296362340450287;0.0550311990082264;-0.875901818275452;0.0590177327394485;110203.760117274;19749.9200034817;18592.1
Italy;TOT_IND;Total industries (A-S);2006;-0.156952813267708;-0.0459020808339119;-0.304578483104706;0.00264587858691812;113420.646287625;20098.0404024094;19057.2
Italy;TOT_IND;Total industries (A-S);2007;-0.0448642298579216;0.037517573684454;-0.584220349788666;0.0123083563521504;118626.338757158;20936.9635153805;20015.2
Italy;TOT_IND;Total industries (A-S);2008;-0.506964921951294;0.122963987290859;-1.32522642612457;0.0135103268548846;120865.983477989;21519.6320130062;19877.7
Italy;TOT_IND;Total industries (A-S);2009;-1.93780732154846;0.320620983839035;-4.0930438041687;0.00727363815531135;119224.436912906;22392.1047371267;19211.2
Italy;TOT_IND;Total industries (A-S);2010;2.47401213645935;0.133217751979828;1.33249473571777;0.018773976713419;122062.377406377;23508.2887437071;19722.1
Italy;TOT_IND;Total industries (A-S);2011;0.685219943523407;0.0170802418142557;-0.0844865962862968;0.011098618619144;122765.86371517;23032.5453608566;19015.5
Italy;TOT_IND;Total industries (A-S);2012;-0.191442668437958;0.266079187393188;-1.90375912189484;0.0318812727928162;122160.985720339;22878.0317374872;20104.5
Italy;TOT_IND;Total industries (A-S);2013;1.25808322429657;0.262051701545715;-0.62465626001358;0.0239740274846554;122366.811712319;23442.971738279;20912.9
Italy;TOT_IND;Total industries (A-S);2014;0.271261602640152;0.137166514992714;-0.549459755420685;-0.000206593700568192;126257.13903246;24966.1126484991;22853.3
Italy;TOT_IND;Total industries (A-S);2015;0.00661350786685944;0.0302605740725994;-0.165929466485977;0.00822246912866831;131056.283507131;25631.6310615691;23990.2
Italy;TOT_IND;Total industries (A-S);2016;-0.265138030052185;0.0794108510017395;-0.0936751812696457;-0.000962512975092977;137329.279339092;26554.0830348046;25006.4
Italy;TOT_IND;Total industries (A-S);2017;0.642374634742737;0.125711709260941;0.263675093650818;0.0201208423823118;139511.483090234;27304.6654806534;24892.8
Italy;TOT_IND;Total industries (A-S);2018;0.175129905343056;0.250691056251526;-0.396829098463058;0.0061953067779541;145469.574346052;28504.4269746432;25684.9
Italy;TOT_IND;Total industries (A-S);2019;0.940809965133667;0.443647116422653;0.0732334330677986;0.0196087900549173;149911.857026711;28379.0749968787;26136.3